shot_id,shot_made_flag
1,0.48
8,0.2606666666666666
17,0.5632309856809853
20,0.5689858362226008
33,0.422
34,0.572
35,0.1852666666666667
36,0.22403333333333333
37,0.5269357142857142
38,0.266
45,0.1475261904761905
50,0.226
55,0.274
60,0.208
66,0.336
67,0.086
71,0.284
80,0.362
85,0.186
86,0.582
95,0.568
104,0.35
113,0.456
123,0.302
126,0.894
133,0.4795666666666666
141,0.134
144,0.566
150,0.790681224331225
152,0.2995333333333333
153,0.790681224331225
156,0.42550000000000004
159,0.594
165,0.5580333333333333
172,0.572
182,1.0
192,0.558
193,0.48878459579636085
196,0.468
202,0.162
210,0.336
211,0.58
228,0.988
257,0.395
260,0.395
264,0.4217666666666665
267,0.87
279,1.0
282,0.266
293,0.386
299,0.862
300,0.636
301,0.576
317,0.272
327,0.204
328,0.144
335,0.5600098062068647
346,0.486
348,0.23
365,0.3887666666666667
390,0.6647927849927855
391,0.6647927849927855
392,0.692
397,0.486
418,0.4385
428,0.214
434,0.786
439,0.5086043290043287
440,0.458
456,0.444
459,0.258
472,0.4286666666666667
480,0.41
491,0.516
497,0.5981666666666666
509,0.4623333333333333
511,0.63
523,0.132
533,0.314
544,0.9838575757575757
546,0.514
555,0.6647927849927855
558,0.427
560,0.348
573,0.296
591,0.314
596,0.29
597,0.61
601,0.768
605,0.388
617,0.2745
628,0.298
634,0.316
646,0.28
649,0.7061999999999999
651,0.6647927849927855
654,0.7237666666666668
656,0.5600098062068647
657,0.5006666666666667
669,0.304
670,0.66
693,0.732
694,0.572
699,0.4726666666666667
711,0.316
718,0.656
722,0.294
723,0.246
725,0.854
734,0.41
735,0.06902886002886004
737,0.732
746,0.164
747,0.524
766,0.11
767,0.338
771,0.212
773,0.564
774,0.226
783,0.3455
784,0.31866666666666665
789,0.216
792,0.372
804,0.41
809,0.39
812,0.404
813,0.404
817,0.68375
820,0.17
825,0.5733333333333333
826,0.33
829,0.448
855,0.3386666666666666
859,0.9874404761904761
862,0.314
870,0.332
876,0.468
880,0.574
886,1.0
889,0.854
891,0.49327936507936476
897,0.998
902,0.39
903,0.3001666666666667
908,0.464
909,0.494
920,0.389
922,0.564
924,0.586
932,0.548
934,0.284
937,0.373
941,0.536
943,0.562
950,0.3836666666666667
952,0.158
954,0.9916666666666667
963,0.476
975,0.558
979,0.246
981,0.288
983,0.052
985,0.6931865079365082
989,0.5225380952380952
995,0.712
998,0.06902886002886004
1008,0.212
1019,0.685
1023,0.552
1026,0.55
1029,0.78
1034,0.986
1036,0.764
1038,0.224
1039,0.586
1051,0.683
1052,0.252
1066,0.296
1087,0.296
1092,0.284
1094,0.728
1098,0.464
1099,0.394
1102,0.408
1118,0.278
1131,0.324
1133,0.5858337162837162
1135,0.7702928571428573
1138,0.03401428571428571
1139,0.9772000000000001
1142,0.668
1151,0.36669999999999997
1152,0.46
1155,0.6088047619047618
1165,0.49
1167,0.944
1172,0.43062222222222224
1174,0.802
1180,0.03401428571428571
1200,0.49
1202,0.486
1227,0.376
1228,0.5311333333333332
1229,0.29
1237,0.6374309523809523
1241,0.532
1256,0.088
1279,0.3379666666666667
1293,0.02
1295,0.368
1319,0.9955714285714286
1320,0.42
1321,0.964
1322,0.892
1334,0.204
1351,0.905
1373,0.604
1375,0.358
1380,0.4130437950937949
1382,0.888
1385,0.571
1399,0.25
1403,0.13
1428,0.18
1434,0.538
1444,0.5109666666666667
1448,0.166
1466,0.852
1476,0.226
1478,0.528
1485,0.382
1491,0.7556614712085309
1494,0.502
1500,0.4672891941391942
1501,0.736
1503,0.28
1519,0.20113333333333336
1524,0.406
1529,0.68
1533,0.8142333333333334
1538,1.0
1539,0.578
1546,0.18155396825396827
1555,0.258
1559,0.352
1563,0.448
1565,0.974
1574,0.44360000000000005
1591,0.244
1594,0.218
1605,0.338
1611,0.44
1614,0.25
1620,0.668
1626,0.246
1630,0.504
1632,0.352
1634,0.426
1643,0.604
1651,0.5
1655,0.312
1658,0.322
1659,0.326
1665,0.28
1675,0.382
1680,0.7991333333333334
1690,0.374
1696,0.268
1714,0.142
1721,0.49
1726,0.489
1728,0.234
1734,0.126
1735,0.338
1740,0.182
1744,0.868
1747,0.596
1752,0.414
1763,0.974
1765,0.974
1769,0.388
1785,0.828
1787,0.556
1788,0.506040476190476
1793,0.504
1800,0.648
1825,0.3846666666666666
1826,0.6806728715728718
1834,0.26
1843,0.58
1844,0.498
1848,0.292
1849,0.506040476190476
1860,0.13068333333333332
1863,0.13068333333333332
1875,0.6973333333333334
1883,0.242
1890,0.394
1892,0.41
1893,0.4486666666666666
1897,0.35
1905,0.522
1908,0.634
1931,0.2396666666666667
1940,0.8438
1943,0.352
1947,0.212
1965,0.736
1967,0.302
1968,0.562
1972,0.511884126984127
1982,0.398
1985,0.266
2005,0.778
2010,0.916
2021,0.28
2024,0.688
2036,0.482
2043,0.66
2047,0.6896
2049,0.71
2055,0.3305
2065,0.544
2066,0.248
2070,0.5186666666666667
2077,0.9192619047619047
2085,0.644
2095,0.77
2097,0.954
2108,0.33171625596625576
2112,0.858
2113,0.6393333333333334
2122,0.08
2139,0.658
2144,0.534
2146,0.096
2148,0.106
2149,0.2620785714285714
2157,0.398
2159,0.31
2168,0.156
2176,0.45713492063492045
2178,0.18839999999999998
2181,0.158
2187,0.716
2188,0.508
2190,0.174
2194,0.14429364801864825
2197,0.24
2214,0.262
2217,0.07
2222,0.224
2223,0.274
2226,0.194
2230,0.2620785714285714
2240,0.7254333333333334
2247,0.51
2250,0.418
2259,0.752
2262,0.44
2266,0.562
2305,0.302
2310,0.2295
2313,0.14429364801864825
2319,0.968
2320,0.882
2345,0.45816666666666667
2350,0.954
2356,0.578
2360,0.718
2370,0.448
2386,0.492
2398,0.398
2414,0.03763888888888889
2435,0.8425333333333335
2439,0.028399999999999998
2446,0.9902428571428571
2458,0.464
2465,0.118
2466,0.41
2470,0.334
2495,0.8430262792762805
2501,0.398
2507,0.098
2533,0.146
2537,0.56
2538,0.154
2541,0.213
2542,0.8425333333333335
2544,0.898
2554,0.134
2555,0.264
2565,0.4422333333333333
2575,0.7979142857142858
2586,0.5069931782957323
2588,0.646
2594,0.9773333333333333
2617,0.4912353479853477
2618,0.328
2623,1.0
2631,0.5016953712953715
2640,0.058
2642,0.8430262792762805
2647,0.288
2663,0.6305333333333334
2664,0.29
2676,0.532
2680,1.0
2681,0.2665
2691,0.268
2693,0.268
2695,0.33354830724830736
2704,0.11
2708,0.248
2709,0.9505571428571431
2717,0.6544562298812304
2722,0.292
2728,0.55
2732,0.5439934343434343
2743,0.358
2752,0.316
2757,0.998
2761,0.33354830724830736
2769,0.122
2771,0.4139636863136864
2774,0.476
2776,0.4166666666666667
2781,0.392
2793,0.162
2799,0.512
2803,0.298
2811,0.548
2818,0.26
2824,0.6104849206349207
2828,0.998
2829,0.38
2830,0.496
2842,0.9531924963924964
2847,0.2777
2848,0.146
2868,0.3165
2870,0.352
2885,0.164
2886,0.568
2889,0.514
2903,0.52
2904,0.5439934343434343
2918,0.802
2919,0.332
2922,0.332
2923,0.334
2931,0.366
2945,0.296
2955,0.33033333333333337
2957,0.25916666666666666
2960,0.49788772893772926
2963,0.32
2966,0.9276000000000001
2972,0.8233333333333333
2974,0.198
2982,0.358
2984,0.813
3016,0.020883333333333334
3021,0.402
3023,0.4586285714285714
3025,0.47
3029,0.168
3034,0.8394005772005773
3038,0.244
3040,0.566
3051,0.7493333333333333
3062,0.296
3069,0.314
3071,0.412
3076,0.954
3079,0.202
3081,0.312
3082,0.141
3084,0.964
3098,0.21
3104,0.264
3105,0.362
3114,0.2841930014430014
3118,0.658
3122,0.476
3132,0.32
3138,0.274
3141,0.04931764346764344
3156,0.3269861582861584
3162,0.967029292929293
3167,0.418
3170,0.368
3171,0.144
3172,0.512
3176,1.0
3180,0.616
3189,0.378
3198,0.182
3206,0.41
3215,0.2735
3222,0.2632
3228,0.172
3229,0.282
3232,0.396
3233,0.17
3238,0.146
3256,0.5760983405483404
3264,0.368
3273,0.718
3275,0.472
3285,0.6518333333333333
3289,0.164
3294,0.692
3306,0.426
3311,0.9933666666666666
3318,0.284
3322,0.332
3324,0.436
3334,0.76
3341,0.368
3345,0.562
3346,0.998
3352,0.112
3368,0.254
3371,0.098
3372,0.25
3375,0.532
3384,0.394
3387,0.286
3393,0.348
3406,0.294
3411,0.816
3412,0.381
3414,0.458
3417,0.657
3420,0.9933666666666666
3423,0.967029292929293
3436,0.27593333333333336
3438,0.8418238095238094
3442,0.072
3443,0.234
3451,0.214
3461,0.388
3489,0.236
3491,0.2
3510,0.686
3515,0.342
3527,0.444
3530,0.059947424797424764
3540,0.696
3582,0.18
3604,0.25761349206349216
3605,0.166
3609,0.13066666666666668
3624,0.098
3628,0.817475065114512
3630,0.36
3641,0.258
3642,0.246
3648,0.216
3650,1.0
3652,0.848
3660,0.35
3664,0.2878095238095238
3670,0.306
3672,0.55
3680,0.006
3682,1.0
3685,0.55
3686,0.216
3689,0.49
3705,0.19
3712,0.232
3713,0.566
3719,0.1766666666666667
3721,0.21
3723,0.718
3724,0.422
3727,0.51
3733,0.656
3734,0.384
3742,0.42
3770,0.158
3777,0.558
3778,0.296
3780,0.436
3783,0.382
3784,0.482
3788,0.206
3790,0.208
3794,0.456
3795,0.35
3796,0.5950333333333333
3801,0.9377333333333333
3806,0.208
3813,0.476
3814,0.218
3818,0.25405714285714287
3824,0.36
3836,0.414
3853,0.71
3855,0.358
3858,0.02279076479076479
3861,0.41955995670995644
3866,0.184
3870,0.3805
3874,0.9614333333333335
3876,0.194
3878,0.232
3890,0.472
3900,0.592
3904,0.286
3906,0.532
3907,0.082
3908,0.338
3912,0.02279076479076479
3918,1.0
3923,0.9554166666666668
3924,0.468
3925,0.08065404040404042
3927,0.61
3955,0.9975
3964,0.3211690476190479
3969,0.3211690476190479
3974,0.41955995670995644
3976,0.33857619047619053
3984,0.186
3991,0.374
3993,0.9988333333333334
4009,0.6
4011,0.766
4020,0.292
4033,0.426
4041,0.52
4045,0.9655785714285714
4052,0.33857619047619053
4055,0.61
4056,0.346
4057,0.468
4067,0.9614333333333335
4069,0.754
4077,0.732
4094,0.362
4095,0.36733333333333335
4100,0.614
4119,0.23
4130,0.646
4131,0.302
4132,0.854
4134,0.49766666666666665
4137,0.776
4138,0.2
4143,0.194
4145,0.3582857142857143
4148,0.266
4163,0.036
4166,0.194
4169,0.99925
4170,0.38
4174,0.10213878256246679
4180,0.354
4199,1.0
4201,0.08033333333333334
4203,0.3389666666666666
4210,0.082
4211,0.588
4213,1.0
4225,0.378
4235,0.4645
4242,0.378
4245,0.272
4250,0.424
4252,0.218
4254,0.10213878256246679
4263,0.34723843656343645
4264,0.34723843656343645
4268,0.084
4270,0.676
4282,0.9913333333333334
4283,0.33
4291,0.34
4304,0.392
4306,0.342
4309,0.41
4310,0.296
4313,0.402
4314,0.18
4315,0.262
4321,0.322
4324,0.222
4325,0.21
4328,0.356
4329,0.25683333333333336
4332,0.348
4337,0.47
4342,0.472
4344,0.396
4352,0.4916904761904762
4355,0.536
4366,0.152
4371,0.428
4372,0.438
4376,0.33
4384,0.36
4387,0.538
4389,0.438
4390,0.366
4406,0.5011
4407,0.9843333333333334
4409,1.0
4410,0.9913333333333334
4424,0.222
4434,0.272
4452,0.138
4460,0.46220000000000006
4470,0.5593920634920637
4480,0.512
4496,1.0
4503,0.4
4512,0.244
4518,0.5443142857142859
4519,0.388
4522,0.168
4525,0.292
4537,0.406
4546,0.284
4547,0.9841761904761905
4553,0.528
4556,0.66
4558,0.77
4563,0.062
4568,0.134
4574,0.9992000000000001
4578,0.162
4587,0.258
4592,0.506
4610,0.47
4615,0.07183333333333335
4619,0.486
4620,0.426
4625,0.846
4635,0.502
4636,0.884
4641,0.46
4650,0.576
4653,0.9356666666666668
4665,0.406
4668,0.962788888888889
4669,0.352
4670,0.286
4674,0.152
4675,0.4906666666666667
4676,0.6116242424242424
4679,0.126
4680,0.952
4686,0.172
4699,0.6213761904761904
4713,0.7775476190476189
4718,0.408
4721,0.322
4722,0.304
4724,0.288
4730,0.9125095238095238
4731,0.126
4735,0.328
4743,0.464
4745,0.19716666666666666
4746,0.77
4747,0.218
4748,0.464
4769,0.72
4771,0.398
4774,0.298
4784,0.37
4797,0.73
4801,0.532
4804,0.22
4820,0.152
4833,0.2745
4834,0.372
4851,0.3236043956043956
4859,0.372
4860,1.0
4863,0.446
4873,0.558
4881,0.156
4892,0.533
4908,0.13672824952824977
4911,0.472
4915,0.312
4922,0.188
4929,0.13672824952824977
4936,0.243
4939,0.608
4951,0.206
4956,0.13
4961,0.332
4964,0.344
4981,0.384
4991,0.6724317460317464
4992,0.142
4997,0.332
5004,0.348
5010,0.234
5012,0.34
5015,0.06
5020,0.532
5030,0.288
5051,0.9975333333333334
5052,0.2803779748029751
5057,0.4399157303480833
5058,0.1689589760514685
5060,0.31
5061,0.436
5064,0.2803779748029751
5078,0.36519383887526313
5080,0.35488679653679656
5088,0.53
5089,0.536
5090,0.206
5103,0.804
5108,0.442
5114,0.452
5115,0.144
5124,0.624
5137,0.1689589760514685
5139,0.246
5144,0.278
5149,0.7483038961038964
5157,0.5148571428571429
5163,0.128
5174,0.56
5176,0.2803779748029751
5179,0.07066666666666666
5186,0.1689589760514685
5203,0.886
5204,0.9563333333333334
5206,0.19
5207,0.518
5220,0.28
5221,0.9899349206349208
5224,0.484
5227,0.32
5229,0.078
5232,0.9860285714285714
5240,0.6935238095238092
5242,0.676
5243,0.436
5245,0.566
5248,0.8064654956154961
5249,0.258
5254,0.112
5269,0.154
5272,0.308
5276,0.336
5286,0.8005354256854257
5290,0.284
5308,0.5959809357309352
5316,0.332
5318,0.01919733044733045
5319,0.284
5320,0.672
5322,0.172
5324,0.414
5331,0.512
5336,1.0
5344,0.20102700632700654
5354,0.372
5356,0.006
5358,0.236
5361,0.408
5365,0.9715555555555555
5370,0.51
5376,0.416
5383,0.494
5384,0.248
5385,0.094
5393,0.9836594516594517
5397,0.132
5398,0.456
5402,0.264
5407,0.67025
5409,0.408
5425,0.003342857142857143
5428,0.9715555555555555
5430,0.26
5442,0.262
5447,0.20102700632700654
5470,0.38
5485,0.394
5493,0.344
5502,0.844
5504,0.453
5517,0.316
5522,0.384
5527,0.6602657287157292
5528,0.24
5536,0.538
5545,0.152
5576,0.208
5577,0.31
5592,0.25
5594,0.3772
5595,0.172
5596,0.254
5599,0.504
5606,0.40870881895881916
5617,0.41
5625,0.674
5626,0.2293272727272727
5627,1.0
5642,0.7598285714285715
5659,1.0
5664,1.0
5666,0.674
5671,0.434
5674,0.27
5677,0.356
5681,0.17633333333333331
5683,0.016
5700,0.6580045366913789
5713,0.32939974667575334
5715,0.32939974667575334
5718,0.382
5726,0.746
5738,0.263
5741,0.526
5743,0.802
5753,0.6580045366913789
5761,0.318
5789,0.818
5797,0.427
5803,0.3
5810,0.7376202105713493
5813,0.484
5817,0.508
5818,0.2504761904761905
5822,0.31
5829,0.16
5846,0.18583333333333335
5847,0.042
5854,0.34
5858,0.25746533189033194
5863,0.69
5869,0.142
5870,0.374
5876,0.11
5881,0.143
5901,0.26
5922,0.7254285714285714
5928,0.7093357142857143
5933,0.3190211843711845
5934,0.9968666666666667
5946,0.432
5951,0.282
5955,0.282
5956,0.924
5965,0.284
5972,0.556
5981,0.126
5997,0.7376202105713493
6005,0.3049
6009,0.122
6010,0.37
6015,0.388
6039,0.112
6047,0.8576
6051,0.0
6056,0.398
6061,0.319
6064,0.234
6065,0.462
6070,0.598
6085,0.6148446608946612
6086,0.056
6091,0.09854747474747477
6097,0.182
6099,0.3351707264957268
6104,0.8865554439025028
6108,0.1820816365907764
6109,0.1820816365907764
6124,0.5430119047619049
6142,0.6148446608946612
6144,0.654
6150,0.322
6154,0.14618852585323205
6155,0.424
6156,1.0
6158,0.712
6159,1.0
6169,0.7140095238095238
6170,0.0
6179,0.448
6184,0.716
6186,0.9891587301587301
6204,0.148
6230,0.0
6231,0.486
6232,0.9866142857142857
6235,0.276
6237,0.16823095238095237
6239,0.228
6263,0.002
6265,0.14
6270,0.138
6271,0.164
6278,0.002
6279,0.7935238095238096
6288,0.222
6294,0.616
6295,0.132
6302,0.83
6306,0.232
6322,0.9346746031746036
6324,0.388
6327,0.058
6331,0.16849482184482203
6334,0.334
6338,0.756
6339,0.6506666666666666
6362,0.336
6372,0.16849482184482203
6375,0.58
6393,0.072
6394,0.16849482184482203
6405,0.99
6406,0.57
6416,0.7
6421,0.0
6422,0.29
6440,0.9903500000000001
6457,0.999
6460,0.388
6463,0.6105390331890336
6474,0.999
6476,0.244
6477,0.32
6482,0.764426484626485
6488,0.39
6489,0.232
6494,0.24
6499,0.476
6507,0.108
6524,0.324
6527,0.408
6531,0.508
6536,0.40205642135642133
6538,0.176
6542,0.716
6565,0.302
6584,0.534
6588,0.278
6597,0.43
6603,0.9805539682539683
6609,0.999
6613,0.6751126984126989
6622,0.454
6630,0.296
6637,0.17
6639,0.6751126984126989
6640,0.226
6646,0.358
6647,0.02147380952380952
6648,0.99775
6669,0.186
6680,0.4448571428571429
6681,0.43
6684,0.008
6693,0.616
6694,0.774
6704,0.556
6706,0.02147380952380952
6710,0.452
6713,0.248
6718,0.19219999999999998
6732,0.444
6737,0.454
6739,0.382
6742,0.412
6746,0.69
6753,0.29
6771,0.164
6784,0.204
6790,1.0
6795,0.25930152625152625
6807,0.246
6808,0.326
6818,0.662
6823,0.36
6830,0.7564066100566099
6831,0.7564066100566099
6832,0.24
6836,0.428
6846,0.284
6850,0.56
6854,0.348
6868,0.6787325396825398
6876,0.616
6877,0.836
6881,0.058
6882,0.527
6884,0.378
6886,0.348
6901,0.464
6910,0.536
6913,0.338
6914,0.8994714285714287
6918,0.6441380952380955
6930,0.63
6941,0.14
6944,0.594
6945,0.29
6947,0.6098059829059832
6949,0.9050333333333331
6952,0.7832
6963,0.344
6964,0.7619936507936508
6972,0.9490476190476193
6979,0.224
6981,0.252
6988,0.9490476190476193
6990,0.5565
6998,0.314
7004,0.296
7016,0.606
7027,0.475
7042,0.204
7056,0.34
7061,0.388
7069,0.67
7071,0.242
7088,0.656
7099,0.458
7108,0.108
7121,0.998
7125,1.0
7136,0.714
7149,0.7866000000000001
7150,0.692
7151,0.134
7167,0.52
7177,0.6945626984126982
7178,0.082
7183,0.78
7186,0.38
7190,0.236
7201,0.324
7202,0.3816333333333333
7207,0.2970666666666666
7213,0.366
7224,0.904
7225,0.386
7233,0.3885
7239,0.358
7246,0.284
7248,0.28
7261,0.22581449023972266
7264,0.248
7266,0.158
7274,0.238
7279,0.2389090909090909
7293,0.27
7315,0.437
7322,0.322
7326,0.9555047619047616
7341,0.242
7363,0.33833115095221766
7365,0.724
7371,0.31
7377,0.578
7393,0.612587024087024
7405,0.23
7410,0.44692969981141334
7434,0.6755
7438,0.25
7447,0.91925
7450,0.669
7452,0.292
7453,0.567
7455,0.144
7456,0.456
7457,0.996
7466,0.44692969981141334
7470,0.9624071428571427
7474,0.33
7487,0.704
7488,0.5031903318903319
7492,0.636765811965812
7496,0.34
7501,0.638
7505,0.65
7512,0.354
7526,0.519
7536,0.756
7538,0.9752333333333333
7539,0.44
7544,0.9057811854811856
7554,0.72
7564,0.258
7566,0.818
7580,0.459
7581,0.502
7584,0.242
7587,0.67
7589,0.62
7590,0.55
7594,0.494
7597,0.592
7602,0.7165555555555555
7603,0.122
7605,0.594
7609,0.562
7613,0.53
7619,0.438
7625,0.166
7626,0.16720609912962875
7636,0.5089944274679568
7639,0.504546681096681
7641,0.332
7643,0.9831212121212122
7644,0.526
7657,0.416
7661,0.712
7666,0.596
7673,0.306
7683,0.16720609912962875
7685,0.43
7699,0.48
7704,0.414
7705,0.418
7708,0.634
7728,0.18333333333333335
7733,0.282
7741,0.3794285714285714
7743,0.326
7745,0.216
7754,0.732
7756,0.48
7757,0.516
7770,0.556
7773,0.9504536630036632
7774,0.506
7776,0.25479999999999997
7777,0.164
7778,0.43
7781,0.2824942635451922
7784,0.256
7789,0.7698322344322346
7794,0.624
7799,0.472
7801,0.72
7818,0.226
7823,0.34
7828,0.784
7832,0.27
7839,0.26
7851,0.898
7856,0.522
7868,0.5089944274679568
7869,0.68
7872,0.356
7874,0.519
7878,0.436
7888,0.396
7913,0.258
7923,0.632
7925,0.45165945998445994
7926,0.768
7938,0.27
7942,0.6441460317460318
7945,0.374
7954,0.6526153846153846
7963,0.2846
7969,0.406
7970,0.45165945998445994
7977,0.45351160506160465
7981,0.132
7990,0.324
8020,0.6113333333333333
8023,0.23
8025,0.342
8034,0.45165945998445994
8039,0.43
8046,0.39859999999999995
8051,0.42
8055,0.494
8060,0.512
8063,0.334
8073,0.9996
8074,0.566
8076,0.704
8080,0.56
8088,0.462
8102,0.412
8103,0.40301783112828043
8104,0.40301783112828043
8105,0.424
8109,0.21801428571428574
8115,0.45351160506160465
8121,0.5573333333333332
8126,0.41
8135,0.716
8153,0.49
8156,0.574
8160,0.5862761904761905
8161,0.354
8162,0.32
8171,0.654
8181,0.446
8183,0.38
8185,0.15
8191,0.9996
8203,0.316
8204,0.5490190476190472
8207,0.931
8208,0.408
8209,0.762
8210,0.236
8225,0.516
8226,0.304
8231,0.57
8233,0.296
8244,0.780670634920635
8250,0.418
8261,0.40301783112828043
8265,0.61
8278,0.28
8279,0.489
8280,0.162
8296,0.6394793650793652
8299,0.452
8300,0.546
8301,0.134
8305,0.346
8327,0.33
8334,0.451
8349,0.326
8355,0.354
8361,0.382
8362,0.206
8364,0.3043333333333333
8365,0.25
8375,0.554
8378,0.682
8380,0.412
8381,0.344
8387,0.32
8399,0.8645666666666667
8402,0.9986666666666666
8409,0.632
8433,0.8392333333333335
8436,0.3
8442,0.348
8448,0.39
8464,0.554
8469,0.438
8474,0.812
8478,0.428
8482,0.126
8490,0.12
8510,0.542
8511,0.402
8527,0.39
8532,0.396
8533,0.45
8538,0.332
8541,0.51
8545,0.568
8553,0.29
8554,0.4896666666666667
8555,0.386
8569,0.226
8586,0.838
8593,0.634
8600,1.0
8606,0.922
8607,0.318
8611,0.306
8613,0.6948
8618,0.9634761904761905
8630,0.282
8637,0.408
8650,0.271
8652,0.218
8661,0.020364646464646467
8669,0.278
8673,0.356
8674,0.18
8678,0.5870100732600734
8682,0.268
8688,0.36
8689,0.6626134920634921
8695,0.248
8698,0.21
8703,0.49
8709,0.25033333333333335
8716,0.528
8723,0.322
8737,0.686
8753,0.24733333333333332
8773,0.9908493506493506
8774,0.258
8778,0.9725333333333332
8786,0.586
8794,0.5967719225219222
8795,0.726
8800,0.33
8804,0.4
8808,0.544
8809,0.164
8817,0.012833333333333334
8818,0.558
8825,0.206
8830,0.262
8833,0.654
8834,0.5612
8836,0.358
8837,0.217
8844,0.16
8851,0.3259666666666667
8861,0.802
8864,0.35
8865,0.51
8869,0.192
8873,0.5003800976800976
8880,0.76
8884,0.232
8888,0.154
8889,0.424
8891,0.5003800976800976
8893,0.32
8897,0.494
8905,0.246
8910,0.4692
8918,0.5967719225219222
8939,0.346
8940,0.236
8941,0.33
8944,0.344
8949,0.5632
8950,0.224
8958,0.872
8967,0.9865809523809523
8975,0.72
8979,0.202
8980,0.253
8991,0.298
8995,0.472
8996,0.15623333333333334
8998,0.6888396825396826
9000,0.306
9001,0.6563777777777777
9002,0.527
9024,0.29
9026,0.278
9027,0.124
9034,0.43
9038,0.202
9050,0.384
9052,0.966
9054,0.544
9078,0.9485968253968254
9097,0.142
9109,0.316
9112,0.654
9115,0.65
9125,0.1516641136641138
9132,0.104
9136,0.122
9139,0.411
9140,0.332
9142,0.648
9143,0.126
9147,0.542
9159,0.206
9165,0.7328952380952383
9172,0.442
9177,0.06
9179,0.54
9185,0.384
9196,0.886
9201,0.332
9209,0.3188333333333333
9210,0.774
9212,0.152
9214,0.411
9240,0.972
9241,0.33
9244,0.394
9249,0.39
9250,0.684
9255,0.542
9258,0.686
9263,0.148
9266,0.602
9269,0.108
9272,0.386
9276,0.6958404761904763
9290,0.29333333333333333
9299,0.326
9303,0.3
9310,0.262
9311,0.3
9314,0.272
9315,0.8152730158730161
9325,0.684
9328,0.54
9329,0.538
9332,0.972
9337,0.3770738095238095
9353,0.964
9355,0.458
9356,0.0005
9362,0.902
9364,0.12902022144522146
9366,0.12902022144522146
9387,0.996
9388,1.0
9396,0.3148989288489288
9400,0.292
9406,0.25
9411,0.22
9416,0.806
9417,0.6861039682539688
9423,0.8221786324786329
9425,0.2993
9426,0.506
9427,0.312
9429,0.8221786324786329
9430,0.624
9434,0.168
9442,0.212
9458,0.158
9476,0.546
9481,0.34
9483,0.594
9484,0.386
9487,0.9934000000000001
9488,0.264
9490,0.6213333333333334
9502,0.978
9505,0.206
9509,0.2428039682539684
9515,0.51
9516,0.338
9532,0.472
9539,0.75
9542,0.12468730158730165
9549,0.308
9550,0.484
9553,0.4687388888888889
9554,0.364
9561,0.412
9566,0.396
9571,0.292
9577,0.148
9584,0.308
9592,0.552
9596,0.8246380286380294
9602,0.5105
9603,0.234
9604,0.6672087301587298
9608,0.6672087301587298
9609,0.312
9613,0.474
9623,0.5813333333333333
9630,0.996
9633,0.58
9648,0.18
9665,0.3419071428571428
9668,0.286
9678,0.226
9679,0.37
9693,0.9986
9718,0.8331992585845532
9720,0.9929285714285715
9744,0.204
9745,0.206
9746,0.9787427128427129
9753,0.544
9758,0.5975269228535479
9759,0.156
9763,0.224
9766,0.616
9767,0.314
9777,0.494
9781,0.346
9789,0.446
9790,0.566
9799,0.314
9802,0.34712857142857145
9805,0.9432714285714286
9807,0.17173333333333335
9812,0.28
9818,0.316
9820,0.9971666666666668
9822,0.318
9824,0.5975269228535479
9834,0.16708085248085286
9836,0.238
9847,0.338
9864,0.7612666666666666
9869,0.56
9875,0.632
9880,0.452
9889,0.9815427128427129
9894,0.322
9909,0.9952666666666666
9915,0.628
9919,0.298
9920,0.9815427128427129
9940,0.866
9946,0.7311
9958,0.9981333333333333
9959,0.268
9973,0.596
9976,0.452
9978,0.52
9982,0.578
9987,0.277
9988,0.2333269841269841
9992,0.6402
10000,0.0
10002,0.7621428571428571
10005,0.358
10008,0.18
10009,0.348
10011,0.314
10021,0.23
10022,0.9981333333333333
10053,0.414
10074,0.314
10076,0.454
10090,0.1997828227328228
10092,0.404
10099,0.704
10102,0.35
10103,0.208
10106,0.7
10108,0.9098333333333334
10113,1.0
10119,0.456
10122,0.518
10125,0.352
10140,0.44177692307692307
10155,0.566
10159,0.186
10164,0.59
10175,0.388
10176,0.804
10178,0.356
10186,0.20754609736668583
10200,0.646
10204,0.32019739149739185
10206,0.32019739149739185
10211,0.262
10212,0.296
10217,0.472
10220,0.29713103285603343
10230,0.3734158335128932
10234,0.314
10235,0.278
10239,0.318
10240,0.38
10242,0.282
10245,0.356
10246,0.8743095238095236
10247,0.364
10250,0.346
10254,0.9981333333333333
10257,0.876
10260,0.44
10261,0.9985
10265,0.566
10273,0.502
10274,0.41
10277,0.186
10289,0.5481
10290,0.34
10298,0.338
10301,0.344
10304,0.5073464810301496
10305,0.186
10313,0.212
10320,0.81
10323,0.68
10328,0.324
10332,0.98
10336,0.976
10343,0.388
10348,0.5073464810301496
10350,0.142
10351,0.18
10354,0.178
10372,0.22
10373,0.492
10380,0.47
10383,0.4742222222222222
10396,0.1129190476190476
10397,0.7439015873015873
10399,0.47667380952380944
10400,0.6360523809523809
10401,0.364
10402,0.41
10403,0.4480333333333334
10410,0.684
10412,0.59
10415,0.36
10424,0.54
10428,0.126
10432,0.446
10462,0.3247095238095239
10477,0.3795
10482,0.544
10484,0.342
10493,0.354
10495,0.516
10497,0.464
10516,0.46
10521,0.21
10522,0.806
10523,0.488
10528,0.616
10530,0.31
10532,0.454
10533,0.414
10543,0.6706634920634922
10547,0.684
10552,0.502
10558,0.25
10571,0.49
10572,0.206
10574,0.456
10583,0.696
10600,0.32
10607,0.812
10608,0.716
10614,0.132
10630,0.47
10634,0.344
10635,0.34
10641,0.9331952380952381
10643,0.546
10644,0.0
10648,0.582
10669,0.294
10675,0.71
10686,0.9331952380952381
10704,0.369
10707,0.258
10722,0.276
10736,0.7055698412698413
10764,0.258
10767,0.9967999999999999
10776,0.384
10779,0.3884325396825397
10781,0.39666666666666667
10792,0.9445
10797,0.298
10798,0.457
10801,0.57
10802,0.318
10805,0.414
10808,0.388
10810,0.6019676767676768
10816,0.42
10817,0.306
10829,0.6370095238095238
10843,0.308
10858,0.33326946386946366
10866,0.3166666666666667
10876,0.368
10887,0.438
10891,0.178
10896,0.38
10900,0.614
10905,0.16
10907,0.452
10917,0.156
10936,0.33326946386946366
10947,0.44
10948,0.9732333333333333
10951,0.274
10955,0.296
10969,0.13
10984,0.572
10987,0.334
10990,0.16
10992,0.33326946386946366
10996,0.359
10997,0.302
10999,0.406
11000,0.8461904761904762
11001,0.432
11010,0.010864285714285715
11016,0.5090719891219886
11018,0.998
11034,0.79
11039,0.414
11041,0.232
11047,0.482
11053,0.576
11055,0.402
11056,0.312
11065,0.11
11068,0.912
11070,0.252
11071,0.532
11072,0.322
11079,0.010864285714285715
11091,0.448
11094,0.188
11112,0.010864285714285715
11113,0.010864285714285715
11128,0.0925
11153,0.406
11154,0.342
11163,0.4706666666666666
11179,0.074
11181,0.102
11206,0.4
11216,0.122
11221,0.31880000000000003
11223,0.748
11228,0.776
11235,0.367
11237,0.24404206349206345
11244,0.13
11256,0.538
11267,0.49
11272,0.8989071428571427
11281,0.388
11285,0.154
11288,0.5130381729381723
11291,0.486
11293,0.182
11297,0.294
11298,0.114
11299,0.62
11301,0.282
11309,0.464
11331,0.344
11332,0.32
11337,0.344
11343,0.3055
11347,0.466
11348,0.786
11355,0.998
11368,0.194
11369,0.746
11371,0.7972601731601735
11378,0.526
11384,0.38402380952380955
11387,0.456
11393,0.2701666666666666
11399,0.654
11412,0.952
11431,0.364
11432,0.122
11444,1.0
11450,1.0
11451,0.704
11476,0.142
11488,0.292
11495,0.9334666666666666
11505,0.17
11508,0.996
11518,0.4365688256188254
11522,0.312
11524,0.5617004533048652
11533,0.4365688256188254
11549,0.2241066600066602
11551,1.0
11560,0.474
11563,0.812
11565,0.7273888888888889
11567,0.248
11569,0.508
11598,0.63
11604,0.636
11611,0.542
11617,0.5144481573981574
11626,0.2241066600066602
11642,0.43
11643,0.262
11648,0.318
11651,0.394
11663,0.3
11666,0.5347196489784724
11685,0.470977922077922
11686,0.712
11698,0.348
11708,0.512
11711,0.376
11718,0.36
11742,0.212
11761,0.62
11767,0.444
11768,0.338
11775,0.732
11779,0.2241066600066602
11786,0.9993333333333334
11790,0.7406251803751805
11791,0.362
11796,0.0
11806,0.576
11810,0.404
11811,0.5273333333333332
11814,0.977
11816,0.454
11820,0.474
11822,0.278
11829,0.476
11832,0.3
11834,0.975252380952381
11836,0.298
11837,0.506
11844,0.794
11847,0.7948
11864,0.5342142857142859
11865,0.724
11872,0.176
11873,0.5114003607503608
11886,0.078
11894,0.386
11905,0.164
11906,0.292
11907,0.272
11912,0.402
11914,0.49323333333333336
11918,0.394
11924,0.728
11929,0.9993333333333334
11930,0.47
11936,0.376
11937,0.354
11954,0.25833333333333336
11957,0.334
11964,0.102
11968,0.126
11972,0.0034761904761904765
11976,0.44
11979,0.274
11981,0.494
11983,0.402
11989,0.53
11991,0.234
11998,0.4513333333333333
12003,0.526
12007,0.548
12011,0.749
12014,0.24
12024,0.35
12033,0.492
12034,0.462
12041,0.34
12046,0.05914840159840159
12056,0.464
12064,0.386
12069,0.21
12070,0.524
12071,0.562
12072,0.278
12078,0.378
12091,0.776
12092,0.16967642357642385
12094,0.572
12098,0.296
12103,0.436
12115,0.993
12118,0.11681384171384174
12122,0.744
12125,0.994
12133,0.408
12137,0.16967642357642385
12141,0.574
12143,0.24
12144,0.9969333333333336
12154,0.3430000000000001
12163,0.436
12170,0.856
12193,0.44
12196,0.33
12206,0.378
12209,0.16967642357642385
12214,0.414
12228,0.406
12233,0.744
12238,0.011538095238095238
12242,0.326
12245,0.698
12247,0.448
12251,0.294
12287,0.08
12292,0.8865333333333334
12304,0.338
12317,0.9874714285714287
12320,0.993
12323,0.9081674603174604
12328,0.176
12333,0.9874714285714287
12334,0.622
12335,0.138
12352,0.12678695792511607
12358,0.522
12364,0.405
12376,0.482
12396,0.226
12402,1.0
12406,0.51
12408,0.472
12410,0.8503065618591932
12413,0.8
12417,0.25
12424,0.282
12425,0.398
12426,0.397
12430,0.2596666666666666
12432,0.6749206349206348
12433,0.42
12451,0.33
12457,0.562
12465,0.671676767676768
12468,0.624
12474,0.578
12475,0.19245487845487866
12486,0.6136287934287938
12487,0.764
12514,0.312
12524,1.0
12526,0.45466666666666666
12530,0.478
12532,0.112
12593,0.236
12599,0.448
12600,0.466
12603,0.202
12624,1.0
12630,0.41
12638,0.352
12641,0.4818333333333333
12643,0.6339603174603171
12656,0.206
12666,0.85
12673,0.999
12675,0.212
12678,0.904
12692,0.008
12693,0.998
12707,0.212
12711,0.9750570762570763
12716,0.18
12717,0.8799
12723,0.558
12738,0.34
12742,0.125
12746,0.502
12753,0.17568816738816775
12758,0.26
12760,0.352
12763,0.246
12764,0.506
12768,0.357
12776,0.492
12777,0.312
12783,0.9622523809523811
12804,0.09233333333333332
12824,0.332
12839,0.236
12847,0.6
12850,1.0
12867,0.9346246031746032
12883,0.23
12887,0.244
12890,0.376
12903,0.42
12906,0.316
12907,0.12
12909,0.462
12912,0.3
12915,0.495
12930,0.872
12931,0.616
12934,0.826
12951,0.368
12955,0.416
12973,0.31464270827212076
12988,0.362
12999,0.114
13015,0.628
13026,0.862
13036,0.284
13039,0.578
13040,0.088
13041,0.2968333333333333
13043,0.30346666666666666
13057,0.224
13064,0.5638333333333334
13068,0.984242857142857
13069,0.838
13073,0.51
13079,0.9901666666666666
13086,0.1731666666666667
13089,0.6464
13093,0.334
13097,0.5527793650793651
13098,0.296
13105,0.358
13107,0.526
13108,0.886
13110,0.162
13112,0.8531666666666667
13114,0.302
13118,0.41
13127,0.4264333333333334
13129,0.54
13142,0.9976666666666667
13146,0.07030314247156351
13149,0.07030314247156351
13157,0.094
13158,0.858
13159,0.832
13161,0.192
13162,0.29
13166,0.148
13168,0.405
13170,0.802
13186,0.572
13191,0.256
13203,0.394
13209,0.292
13212,0.404
13213,0.162
13222,0.302
13229,0.824
13234,0.564
13257,0.876
13258,0.426
13268,0.137
13270,0.297
13291,0.24
13292,0.49273333333333336
13299,0.326
13307,1.0
13309,0.658
13311,0.576
13312,0.616
13322,0.466
13324,1.0
13330,0.332
13338,0.28
13344,0.7889999999999999
13348,0.266
13355,0.56
13365,0.903
13368,0.446
13370,0.348
13372,0.63
13377,0.908
13385,0.17463333333333333
13389,0.246
13393,0.5980343378843378
13395,0.638
13404,0.188
13411,0.448
13416,0.352
13434,0.562
13435,0.914
13445,0.3
13446,0.476
13451,0.5020238095238095
13462,0.566
13464,0.452
13466,0.28
13471,0.538
13472,0.8313738650238649
13477,0.2611285714285714
13481,0.368
13484,0.632
13490,0.324
13492,0.89
13500,0.18739999999999998
13508,0.33
13516,0.518
13525,0.642
13526,0.21187789432789456
13530,0.916
13532,0.192
13538,0.288
13546,0.4095
13548,0.234
13550,0.957614935064935
13551,0.464
13564,0.308
13566,0.9269714285714286
13570,0.408
13580,0.604
13585,0.094
13588,0.114
13592,0.21187789432789456
13594,0.752
13609,0.152
13610,0.962
13613,0.29
13625,0.348
13626,0.7475633477633477
13639,0.957614935064935
13645,0.887
13647,0.76
13648,0.122
13652,0.3682000000000001
13654,0.8313738650238649
13664,0.6320444444444449
13673,0.312
13684,0.422
13690,0.2205
13693,0.204
13696,0.266
13700,0.708
13701,0.332
13707,0.87
13713,0.092
13714,0.206
13716,0.57
13720,0.416
13727,0.798
13733,0.344
13738,0.28
13757,0.47
13759,0.866
13761,0.04829444444444444
13767,0.41
13782,0.21
13786,0.604
13787,0.41
13792,0.228
13795,0.664
13798,0.4952747421309342
13807,0.044
13809,0.514
13811,0.272
13815,0.398
13817,0.382
13818,0.3
13822,0.528
13824,0.302
13829,0.344
13832,0.828
13840,0.562
13841,0.636
13868,0.424
13871,0.992
13880,0.524
13888,0.686
13890,0.9844952380952382
13891,0.11
13895,0.32
13907,0.326
13910,0.786
13912,0.948
13913,0.426
13923,0.724
13929,0.284
13936,0.208
13946,0.478
13950,0.00075
13951,0.208
13954,0.492
13958,0.748
13969,0.562
13980,0.226
13981,0.4952747421309342
13986,0.266
13987,0.4865
13989,0.768
13992,0.48
13994,0.04829444444444444
14001,0.882
14002,0.444
14004,0.454
14006,0.294
14012,0.7
14021,0.538
14024,0.962
14045,0.792
14047,0.812
14057,0.518
14059,0.374
14060,0.606
14068,0.228
14070,0.684
14074,0.428
14076,0.724
14089,0.246
14115,0.332
14116,0.358
14128,0.618
14131,0.534
14134,0.726
14137,0.496
14138,0.217
14139,0.5340999999999998
14152,0.394
14153,0.982
14155,0.326
14156,0.9853333333333334
14164,0.308
14165,0.5846145854145856
14171,0.612
14174,0.232
14181,0.6324963924963929
14186,0.872
14192,0.658
14201,0.686
14210,0.49456666666666665
14214,0.156
14231,0.434
14236,0.724
14241,0.5224176157176155
14245,0.384
14249,0.194
14251,0.1497452380952381
14262,0.106
14265,0.146
14267,0.598
14270,0.9826666666666666
14276,0.644
14279,0.654
14281,0.26
14289,0.172
14290,0.208
14293,0.632
14295,0.368
14297,0.2801
14298,0.663926190476191
14310,0.424
14312,0.9572919185389773
14315,0.9835108225108224
14318,0.638
14319,0.508
14325,0.716
14331,0.382
14334,0.23
14341,0.516
14343,0.998
14344,0.312
14346,0.7933333333333332
14347,0.336
14349,0.318
14352,0.4032
14358,0.424
14361,0.68
14363,0.526
14374,0.308
14376,0.7976313131313141
14381,0.732
14398,0.406
14410,0.294
14412,0.17441190476190474
14415,0.3493432456432455
14423,0.528
14425,0.316
14436,0.504
14444,0.352
14455,0.9423333333333332
14465,0.284
14469,0.3493432456432455
14471,0.454
14475,0.558
14479,0.362
14480,0.332
14488,0.464
14491,0.8176484126984127
14501,0.332
14520,0.97
14522,0.868
14523,0.076
14537,0.6315
14538,0.768
14550,0.3004
14561,0.476
14575,0.5834452380952383
14586,0.496
14592,0.5834452380952383
14601,0.782
14602,0.306
14604,0.728
14606,0.148
14627,0.512
14641,0.547
14652,0.316
14662,0.702
14665,0.332
14673,0.414
14675,0.26162034632034636
14679,0.91
14683,0.388
14686,0.636
14705,0.5699003163503163
14708,0.316
14709,0.7396666666666667
14710,0.25
14715,0.464
14717,0.572
14723,0.354
14725,0.168
14727,0.736
14728,0.352
14735,0.55
14746,0.314
14752,0.9820063492063493
14757,0.136
14762,0.29
14763,0.236
14797,0.368
14812,0.286
14818,0.848
14825,0.554
14827,0.238
14829,0.472
14830,0.5032305916305916
14837,0.416
14849,0.5032305916305916
14863,0.47
14869,0.61
14882,0.298
14884,0.552
14886,0.648
14888,0.2002
14890,0.328
14904,0.482
14938,0.5904211399711401
14952,0.638
14958,0.6465
14963,0.672
14979,0.268
14980,0.504
14986,0.436
14988,0.736289898989899
15003,0.324
15006,0.5884285714285713
15009,0.952
15015,0.556
15024,0.688
15030,0.734
15036,0.3464117944834666
15038,0.538
15039,0.1298676944314719
15047,0.947
15049,0.316
15056,1.0
15068,0.18
15070,0.3695
15073,0.072
15081,0.506
15084,0.382
15088,0.9716
15092,0.25
15095,0.456
15097,0.148
15098,0.4333333333333333
15115,0.66
15120,1.0
15126,0.186
15133,0.334
15143,0.316
15156,0.5392052336552337
15164,0.21819999999999998
15178,0.2885
15198,0.742
15200,0.83
15208,0.0
15214,0.336
15218,0.858
15231,0.174
15238,0.17959999999999998
15239,0.174
15240,0.688
15249,0.366
15256,0.262
15260,0.598
15290,0.41063252858252824
15307,1.0
15308,0.816
15321,0.756
15323,0.51
15325,0.432
15342,0.8656666666666666
15346,0.29
15349,0.29
15354,0.496
15362,0.258
15379,0.226
15383,0.658
15394,0.438
15401,0.494
15405,0.384
15407,0.372
15412,0.694
15413,0.552
15415,0.806
15427,0.848
15430,0.728
15436,0.49
15439,0.244
15443,0.4431992285492286
15444,0.828
15445,0.6886736652236654
15450,0.278
15456,0.9432506493506494
15465,0.277124764694034
15466,0.22
15470,0.714
15474,0.416
15476,0.586
15482,0.13
15492,0.277124764694034
15510,0.604
15519,0.704
15523,0.142
15535,0.822
15561,0.7951000000000001
15564,0.724
15566,0.234
15579,0.242
15580,0.704
15581,0.364
15587,0.358
15589,0.326
15591,0.24
15597,0.41
15620,0.532
15627,0.396
15636,0.8945857142857144
15653,0.464
15662,0.988
15664,0.384
15666,0.654
15667,0.332
15674,0.608
15692,0.26
15715,0.58
15736,0.768
15744,0.552
15746,0.2883333333333334
15758,0.562
15760,0.382
15766,0.286
15767,0.438
15789,0.7444585137085141
15810,0.302
15818,0.174
15820,0.254
15830,0.384
15844,0.602
15850,0.14
15857,0.238
15863,0.985
15869,0.256
15872,0.464
15873,0.242
15884,0.116
15885,0.326
15891,0.802
15898,0.212
15900,0.462
15932,0.522
15940,0.19
15944,0.258
15945,0.602
15963,0.65
15970,0.216
15977,0.5481068542568547
15982,0.2
15985,0.41
15995,0.5676666666666667
16004,0.182
16005,0.5022351370851372
16011,0.228
16019,0.422
16021,0.3503333333333334
16051,0.45366666666666666
16065,0.5022351370851372
16066,0.112
16076,0.5022351370851372
16091,0.384
16094,0.5011238095238095
16101,0.064
16104,0.975936507936508
16113,0.9913357142857144
16114,0.58
16115,0.9913357142857144
16127,0.696
16128,0.568
16138,0.67
16139,0.45583333333333337
16142,0.406
16144,0.592
16148,0.788
16151,0.47
16156,0.244
16165,0.408
16166,0.288
16179,0.924
16193,0.646
16196,0.53
16198,0.316
16210,0.65
16232,0.20858716283716297
16237,0.128
16240,0.37
16252,0.628
16259,0.338
16262,0.5011238095238095
16263,0.3135
16270,0.20858716283716297
16272,0.358
16290,0.416
16295,0.7895126984126986
16297,0.346
16299,0.272
16300,0.1755
16302,0.424
16303,0.41
16305,0.788
16309,0.336
16312,0.338
16320,0.12712857142857142
16326,0.072
16327,0.342
16338,0.232
16342,0.234
16346,0.36
16348,0.624
16355,0.43
16356,0.44
16378,0.64
16382,0.272
16391,0.274
16392,0.304
16395,0.9252193528693526
16399,0.288
16403,0.368
16408,0.0855
16413,0.454
16415,0.222
16417,0.424
16420,0.262
16431,0.618
16439,0.67
16444,0.78
16446,0.0
16451,0.384
16454,0.06
16461,0.418
16462,0.37
16469,0.266
16484,0.536
16486,0.6494666666666667
16487,0.54
16491,0.376
16494,0.58
16507,0.412
16508,0.234
16519,0.124
16523,0.48
16526,0.838
16530,0.852
16532,0.702
16542,0.398
16550,0.732
16555,0.674
16558,0.662
16567,0.719
16576,0.5
16579,0.41
16595,0.55
16598,0.354
16600,0.464
16604,0.732
16605,0.9752619047619048
16607,0.604
16610,0.684
16612,0.99
16617,0.668
16625,0.23266666666666666
16632,0.7802222222222222
16634,0.555
16650,0.494
16654,0.328
16655,0.412
16656,0.378
16657,0.706
16660,0.634
16662,0.770907142857143
16669,0.5
16675,0.872
16676,0.244
16678,0.552
16679,0.494
16693,0.324
16701,0.344
16715,0.276
16722,0.736
16724,0.388
16727,0.422
16735,0.4515
16741,0.2
16752,0.298
16758,0.242
16765,0.41
16771,0.57
16785,0.156
16793,0.728
16800,0.39536363636363636
16805,0.446
16809,0.17
16820,0.768
16827,0.544
16830,0.356
16843,0.992
16847,0.284
16855,0.602
16860,0.37
16862,0.66
16863,0.268
16872,0.748
16874,0.584
16876,0.476
16893,0.432
16895,0.514
16914,0.6301666666666668
16917,0.318
16926,0.384
16930,0.35
16931,0.182
16932,0.278
16934,0.228
16937,0.356
16941,0.522
16942,0.996
16957,0.414
16962,0.694
16967,0.526
16968,0.5978
16972,0.59
16974,0.248
16984,0.524
16987,0.392
16994,0.9535384615384616
16995,0.638
16999,0.111
17034,0.716
17038,0.2
17040,0.206
17050,0.292
17068,0.246
17077,0.214
17079,0.506
17082,0.392
17085,0.738
17087,0.37
17099,0.694
17105,0.172
17108,0.496
17110,0.094
17111,0.256
17123,0.726
17124,0.38
17130,0.49
17138,0.548
17143,0.908
17157,0.268
17160,0.632
17166,0.372
17167,0.154
17179,0.662
17180,0.3
17189,0.468
17197,0.29
17219,0.524
17223,0.234
17225,0.576
17229,0.4819666666666667
17234,0.422
17235,0.3
17239,0.52
17242,0.2
17243,0.352
17246,0.564
17247,0.266
17255,0.246
17258,0.7040857142857142
17260,0.782
17264,0.628
17270,0.516
17271,0.372
17272,0.31
17285,0.338
17294,0.25
17297,0.442
17298,0.884
17299,0.154
17306,0.282
17324,0.226
17326,0.07
17330,0.38
17345,0.348
17351,0.478
17352,0.162
17372,0.252
17381,0.336
17385,0.572
17388,0.178
17390,0.676
17392,0.536
17399,0.136
17404,0.47
17407,0.122
17408,0.565738095238095
17416,0.858
17418,0.196
17434,0.9500333333333332
17438,0.567
17443,0.594
17444,0.386
17453,0.5961598901098901
17460,0.588
17467,0.252
17480,0.352
17488,0.196
17490,0.35
17493,0.184
17498,0.42
17503,0.134
17513,0.196
17520,0.27
17525,0.588
17534,0.09
17545,0.522
17553,0.164
17554,0.324
17557,0.386
17563,0.666
17576,0.55
17577,0.226
17580,0.628
17582,0.332
17596,0.422
17597,0.364
17602,0.836
17614,0.77
17623,0.574
17624,0.79
17627,0.802
17628,0.182
17630,0.504
17634,0.8218000000000002
17640,0.162
17652,0.3676666666666667
17657,0.298
17661,0.146
17662,0.59
17666,0.814
17682,0.936
17688,0.3486666666666667
17693,0.262
17705,0.366
17711,0.28
17715,0.272
17717,0.262
17721,0.236
17728,0.554
17737,0.158
17745,0.262
17755,0.196
17764,0.668
17774,0.344
17785,0.258
17786,0.656
17789,0.152
17802,0.402
17810,0.604
17819,0.772
17825,0.124
17828,0.214
17833,0.488
17841,0.753
17842,0.368
17844,0.372
17849,0.264
17855,0.136
17857,0.812
17861,0.338
17863,0.42
17868,0.408
17876,0.308
17882,0.19
17885,0.156
17893,0.408
17894,0.184
17902,0.682
17906,0.45
17911,0.902
17917,0.236
17921,0.224
17941,0.18
17945,0.2
17949,0.15
17954,0.572
17957,0.626
17958,0.7746666666666666
17960,0.33
17985,0.828
18000,0.53
18002,0.494
18008,0.09
18014,0.702
18015,0.982
18019,0.164
18021,0.476
18026,0.178
18029,0.302
18034,0.752
18035,0.558
18036,0.452
18039,0.826
18066,0.2866666666666666
18076,0.64
18089,0.128
18104,0.355
18110,0.3
18129,0.722
18131,0.778
18133,0.26
18136,0.08266666666666665
18148,0.414
18152,0.002
18167,0.774
18177,0.358
18178,0.676
18183,0.374
18194,0.74
18197,0.552
18213,0.196
18214,0.388
18221,0.068
18227,0.134
18239,0.9873333333333333
18245,0.57
18266,0.352
18267,0.44
18274,0.076
18283,0.468
18297,0.278
18302,0.188
18303,0.764
18315,0.41
18324,0.28
18326,0.538
18334,0.23275
18336,0.206
18344,0.598
18346,0.288
18347,0.354
18350,0.078
18352,0.648
18364,0.612
18366,0.456
18373,0.33
18391,0.552
18393,0.248
18395,0.606
18400,0.874
18408,0.37
18421,0.39
18425,0.312
18443,0.206
18451,0.346
18456,0.312
18458,0.636
18460,0.312
18467,0.7305714285714285
18468,0.528
18475,0.544
18485,0.246
18494,0.447
18495,0.804
18508,0.626
18530,0.366
18533,0.5
18547,0.206
18548,0.394
18553,0.258
18561,0.456
18565,0.894
18572,0.36
18593,0.366
18600,0.34
18621,0.176
18629,0.766
18637,0.182
18649,0.326
18653,0.624
18660,0.022
18671,0.202
18672,0.158
18677,0.39
18681,0.912
18684,0.92
18686,0.442
18689,0.402
18690,0.588
18709,0.716
18716,0.822
18723,0.504
18773,0.222
18782,0.534
18797,0.636597619047619
18810,0.258
18817,0.58
18820,0.946
18825,0.45
18837,0.524
18850,0.816
18857,0.5833333333333333
18861,0.648
18867,0.358
18870,0.146
18877,0.643
18887,0.348
18898,0.182
18900,0.658
18914,0.544
18921,0.5443833333333334
18922,0.734
18945,0.29
18947,0.274
18953,0.212
18954,0.49
18957,0.634
18960,0.644
18973,0.256
18983,0.44475
18990,0.194
18991,0.034
18993,0.316
18995,0.336
18996,0.226
19003,0.206
19014,0.486
19015,0.442
19019,0.604
19028,0.438
19038,0.50775
19040,0.3308571428571429
19046,0.152
19051,0.032
19054,0.744
19056,0.326
19074,0.324
19085,0.712
19099,0.866
19124,0.296
19134,0.396
19141,0.27
19146,0.737
19150,0.292
19170,0.16
19176,0.376
19187,0.384
19189,0.298
19202,0.624
19208,0.276
19209,0.234
19210,0.842
19216,0.246
19217,0.14
19218,0.676
19223,0.362
19240,0.432
19246,0.116
19269,0.258
19275,0.598
19287,0.336
19298,0.176
19303,0.266
19313,0.294
19325,0.264
19326,0.324
19328,0.784
19330,0.422
19340,0.562
19342,0.22
19343,0.182
19344,0.69
19363,0.09
19364,0.504
19371,0.408
19376,0.222
19377,0.42
19381,0.44
19384,0.648
19390,0.21
19402,0.304
19405,0.336
19409,0.206
19418,0.6
19429,0.7550571428571429
19446,0.298
19458,0.55
19460,0.67
19462,0.754
19465,0.438
19472,0.212
19480,0.3
19503,0.75
19507,0.796
19517,0.168
19533,0.392
19537,0.172
19541,0.404
19563,0.304
19566,0.7898666666666667
19568,0.581
19576,0.412
19591,0.508
19597,0.894
19619,0.65
19622,0.608
19623,0.26
19624,0.406
19627,0.244
19629,0.472
19633,0.356
19639,0.24
19641,0.316
19643,0.146
19649,0.272
19652,0.74
19657,0.3
19660,0.422
19668,0.876
19678,0.336
19686,0.586
19690,0.176
19694,0.506
19695,0.306
19702,0.734
19712,0.40250714285714284
19720,0.7545
19735,0.692
19739,0.422
19740,0.506
19743,0.546
19750,0.322
19752,0.802
19754,0.266
19762,0.53
19770,0.356
19775,0.422
19777,0.384
19782,0.258
19783,0.7
19786,0.406
19805,0.262
19808,0.2215
19819,0.756
19821,0.236
19827,0.4
19830,0.682
19832,0.528
19833,0.23
19834,0.386
19843,0.466
19844,0.19066666666666665
19846,0.26
19847,0.386
19850,0.9390095238095237
19851,0.498
19861,0.798
19873,0.248
19878,0.566
19886,0.294
19892,0.744
19901,0.216
19902,0.262
19920,0.66
19921,0.846
19922,0.302
19929,0.8746714285714287
19932,0.2593333333333333
19935,0.422
19936,0.47
19946,0.8735333333333334
19950,0.676
19952,0.718
19955,0.63
19976,0.282
19983,0.696
19987,0.136
19991,0.8566666666666666
19996,0.492
20007,0.6228333333333332
20015,0.358
20019,0.676
20023,0.556
20034,0.47
20036,0.382
20038,0.308
20039,0.258
20040,0.728
20045,0.2656666666666666
20046,0.72
20048,0.368
20060,0.396
20068,0.136
20074,0.8546444444444447
20111,0.48
20117,0.128
20125,0.43
20129,0.702
20134,0.304
20135,0.14
20139,0.208
20142,0.744
20147,0.552
20154,0.7853333333333333
20157,0.584
20169,0.352
20179,0.302
20202,0.404
20207,0.502
20215,0.628
20216,0.97
20217,0.4455
20218,0.7324666666666666
20219,0.648
20226,0.264
20236,0.41
20239,0.478
20246,0.578
20247,0.436
20253,0.726
20255,0.15
20268,0.304
20270,0.882
20271,0.19
20279,0.362
20282,0.3436444444444444
20295,0.466
20302,0.224
20305,0.638
20306,0.63
20308,0.328
20330,0.702
20335,0.7204072150072149
20344,0.178
20349,0.8761190476190477
20360,0.336
20362,0.49
20378,0.532
20394,0.168
20397,0.704
20403,0.408
20405,0.508
20415,0.218
20417,0.348
20420,0.268
20425,0.2793333333333334
20430,0.7515666666666666
20435,0.742
20443,0.606
20446,0.546
20458,0.238
20459,0.56
20467,0.142
20470,0.733
20482,0.532
20489,0.706
20495,0.176
20496,0.378
20497,0.7
20505,0.2846666666666666
20509,0.644
20535,0.494
20539,0.678
20544,0.62
20547,0.488
20556,0.106
20557,0.326
20575,0.184
20577,0.33
20596,0.214
20597,0.722
20602,0.458
20603,0.124
20609,0.64
20618,0.31
20621,0.424
20628,0.406
20634,0.496
20637,0.34
20641,0.308
20642,0.55
20647,0.546
20655,0.44
20656,0.118
20661,0.054
20664,0.938
20674,0.822
20679,0.83
20680,0.212
20683,0.872
20687,0.408
20688,0.83
20695,0.31
20696,0.39
20699,0.26
20701,0.1
20702,0.104
20704,0.194
20721,0.37
20725,0.146
20731,0.406
20741,0.16
20742,0.056
20753,0.478
20756,0.172
20769,0.458
20771,0.43
20774,0.074
20777,0.532
20781,0.5
20797,0.566
20808,0.448
20810,0.596
20820,0.546
20823,0.98
20829,0.832
20832,0.178
20833,0.74
20837,0.35
20838,0.216
20839,0.514
20847,0.398
20861,0.292
20869,1.0
20875,0.164
20877,0.5351428571428573
20889,0.474
20894,0.844
20901,0.326
20919,0.24
20923,0.198
20935,0.598
20937,0.422
20939,0.4823
20940,0.236
20943,0.382
20946,0.81
20950,0.51
20961,0.7710218448218448
20965,0.434
20967,0.702
20969,0.294
20970,0.538
20975,0.35
20987,0.514
20995,0.662
20998,0.834
21002,0.186
21012,0.804
21013,0.608
21015,0.23
21017,0.112
21020,0.356
21028,0.328
21031,0.44
21036,0.12
21040,0.482
21048,0.382
21049,0.142
21051,0.524
21070,0.23
21072,0.264
21079,0.5
21090,0.274
21093,0.294
21104,0.26
21114,0.36
21117,0.216
21120,0.12
21121,0.206
21132,0.084
21136,0.364
21139,0.422
21140,0.262
21146,0.478
21150,0.236
21178,0.862
21180,0.75
21198,0.166
21203,0.098
21210,0.304
21218,0.332
21220,0.178
21222,0.108
21228,0.8760247252747254
21236,0.464
21239,0.28
21260,0.304
21267,0.1
21271,0.14
21279,0.364
21286,0.458
21288,0.434
21294,0.47
21298,0.168
21299,0.306
21300,0.588
21304,0.584
21307,0.318
21309,0.214
21311,0.366
21331,0.318
21332,0.9371666666666667
21342,0.296
21345,0.692
21348,0.688
21353,0.366
21357,0.364
21369,0.558
21370,0.655
21371,0.422
21373,0.276
21385,0.276
21392,0.134
21401,0.156
21403,0.144
21406,0.514
21413,0.31666666666666665
21414,0.8760247252747254
21416,0.73
21423,0.909
21442,0.574
21443,0.384
21448,0.214
21459,0.398
21467,0.188
21474,0.156
21484,0.3393333333333333
21488,0.612
21495,0.352
21498,0.43
21502,0.38
21503,0.38
21510,0.46
21516,0.9639532245532244
21533,0.74975
21535,0.592
21539,0.33
21541,0.44
21544,0.348
21554,0.838
21569,0.154
21572,0.45
21578,0.348
21580,0.214
21584,0.178
21589,0.8346666666666667
21595,0.108
21598,0.42
21599,0.244
21606,0.14
21623,0.478
21639,0.414
21641,0.592
21645,0.082
21647,0.378
21648,0.086
21657,0.278
21671,0.464
21673,0.4306666666666667
21678,0.342
21696,0.59
21699,0.53
21700,0.28
21703,0.372
21710,0.258
21721,0.182
21727,0.706
21728,0.824
21731,0.57
21741,0.288
21744,0.864
21748,0.28
21753,0.3
21756,0.26478419913419915
21763,0.264
21767,0.376
21772,0.8344333333333332
21774,0.71
21775,0.688
21780,0.652
21787,0.426
21805,0.124
21828,0.062
21831,0.224
21837,0.226
21842,0.112
21849,0.524
21856,0.15
21858,0.436
21862,0.268
21864,0.284
21867,0.13
21879,0.586
21881,0.4
21883,0.258
21891,0.478
21892,0.436
21902,0.364
21909,0.36
21914,0.24
21918,0.194
21919,0.552
21926,0.142
21930,0.212
21934,0.226
21940,0.246
21945,0.198
21948,0.78
21953,0.538
21954,0.136
21956,0.28
21963,0.462
21970,0.308
21984,0.362
21997,0.112
21999,0.272
22001,0.438
22002,0.228
22010,0.54
22013,0.266
22022,0.192
22024,0.228
22028,0.522
22029,0.756
22045,0.118
22049,0.302
22064,0.342
22069,0.462
22074,0.324
22082,0.158
22084,0.24
22090,0.5545533133533134
22096,0.7
22100,0.224
22105,0.094
22119,0.362
22130,0.402
22152,0.708
22155,0.158
22164,0.38
22173,0.154
22194,0.34
22209,0.228
22217,0.424
22220,0.294
22222,0.7523333333333333
22244,0.4
22245,0.188
22250,0.204
22256,0.842
22261,0.742
22264,0.212
22270,0.274
22279,0.694
22280,0.218
22284,0.406
22288,0.414
22293,0.194
22297,0.873
22307,0.242
22310,0.17
22319,0.38
22324,0.166
22326,0.2282
22327,0.21
22329,0.174
22331,0.942
22340,0.754
22342,0.562
22347,0.474
22351,0.178
22357,0.41
22361,0.206
22371,0.56
22373,0.262
22391,0.724
22404,0.744
22409,0.64
22411,0.354
22428,0.718
22436,0.556
22444,0.676
22445,0.322
22451,0.24
22463,0.416
22464,0.234
22467,0.85
22472,0.16
22485,0.608
22497,0.164
22504,0.824
22508,0.314
22516,0.552
22522,0.374
22527,0.728
22543,0.974
22549,0.276
22551,0.428
22557,0.502
22562,0.372
22567,0.224
22572,0.194
22575,0.438
22578,0.362
22579,0.506
22580,0.29
22581,0.242
22591,0.754
22593,0.234
22597,0.122
22600,0.344
22602,0.292
22603,0.134
22616,0.532
22617,0.222
22622,0.472
22623,0.322
22624,0.5673333333333332
22628,0.378
22640,0.074
22641,0.304
22653,0.582
22660,0.362
22672,0.864
22674,0.454
22689,0.282
22698,0.32
22705,0.47
22709,0.792
22711,0.148
22714,0.744
22715,0.18
22729,0.164
22730,0.112
22733,0.082
22750,0.23
22754,0.708
22756,0.536
22758,0.782
22767,0.784
22768,0.232
22769,0.628
22776,0.19
22778,0.64
22780,0.942
22789,0.3573333333333334
22797,0.422
22799,0.332
22814,0.176
22818,0.73
22821,0.25
22823,0.5
22841,0.26
22847,0.678
22848,0.442
22862,0.236
22875,0.783495238095238
22877,0.854
22887,0.382
22892,0.18
22899,0.694
22901,0.33
22907,0.394
22909,0.13958174603174606
22926,0.504
22927,0.41
22930,0.718
22934,0.348
22937,0.65
22939,0.10422857142857143
22949,0.543
22951,0.23923225108225127
22955,0.26
22965,0.3825333333333333
22966,0.07230660385366268
22968,1.0
22972,0.2803063492063494
22975,0.2803063492063494
22981,0.508
22988,0.2803063492063494
22994,0.278
22996,0.5169095238095242
23011,0.999
23028,0.4976242167962756
23031,0.568
23035,0.372
23038,0.3230809523809523
23042,0.5073047619047617
23049,0.696
23051,1.0
23053,0.324
23057,1.0
23058,0.3230809523809523
23063,0.122
23064,0.348
23067,0.462
23071,0.416
23075,0.5327951881451881
23077,0.999
23090,0.372
23094,0.9942285714285715
23097,0.45
23103,0.3108
23107,0.16014285714285714
23117,0.484
23122,0.4346666666666667
23124,0.17116666666666666
23126,0.76
23129,0.7266132034632033
23136,0.17164638694638723
23141,0.376
23142,0.07233333333333333
23147,0.488
23154,0.19716843711843732
23159,0.5703333333333332
23165,0.19716843711843732
23171,0.9459166666666667
23173,0.028
23175,0.472
23179,1.0
23182,1.0
23185,0.19716843711843732
23188,0.166
23189,0.562
23209,0.52
23214,0.666
23215,0.476
23233,0.402
23241,0.16238046953046978
23252,0.444
23255,0.16238046953046978
23263,0.36
23281,0.688
23282,0.44
23289,0.382
23292,0.234
23296,0.548
23297,0.324
23301,0.236
23302,0.12
23304,0.386
23309,0.304
23312,0.0038
23316,0.634
23321,0.42
23342,0.242
23344,0.392
23350,0.4585
23367,0.6593633986928107
23368,0.284
23374,0.366
23387,0.48
23389,0.47259047619047617
23399,0.452
23403,0.702
23406,1.0
23414,0.35631666666666667
23415,0.342
23419,0.5250395881895883
23436,0.34933333333333333
23439,0.4187888888888889
23444,0.17887063492063493
23445,0.3970619047619046
23455,0.406
23469,0.172
23472,0.204
23477,0.402
23478,0.6593633986928107
23479,0.428
23487,0.384
23490,0.436
23491,0.778
23492,0.348
23494,0.454
23496,0.486
23497,0.4356666666666667
23506,0.338
23515,0.376
23528,0.2886666666666666
23532,0.416
23549,0.76
23551,0.46
23552,0.336
23555,0.252
23556,0.3719666666666667
23564,0.507266694253459
23583,0.256
23592,0.7433578643578648
23597,0.996
23601,0.368
23605,0.9943174603174604
23615,0.262
23619,0.398
23621,0.926
23626,0.5141605146659324
23635,0.06080000000000001
23637,0.474
23640,0.432
23646,0.348
23655,0.556
23672,0.566
23673,0.32533333333333336
23682,0.332
23683,0.7433578643578648
23699,0.448
23704,0.9901119047619048
23707,1.0
23713,0.1933333333333333
23714,0.258
23716,0.5022662948162949
23718,0.6874959595959598
23721,0.18
23735,0.3085
23737,0.408
23744,0.30933333333333335
23749,0.9901119047619048
23755,0.5056333333333334
23769,0.5788411310911311
23772,0.5022662948162949
23773,0.342
23774,0.9901119047619048
23779,0.348
23782,0.789014285714286
23793,0.0965
23803,1.0
23828,0.9901119047619048
23833,0.6608523809523812
23834,0.86
23844,0.572
23845,0.3939649350649351
23852,0.872
23855,0.595127777777778
23867,0.368
23872,0.595127777777778
23874,0.7170739538239537
23880,0.532
23886,0.07
23898,0.362
23900,0.22
23903,0.314
23907,0.482
23908,0.84
23912,0.286
23916,0.29
23917,0.7170739538239537
23918,0.458
23922,0.352
23928,0.316
23940,0.6554655844155846
23944,0.42
23945,0.32039285714285737
23951,0.168
23966,0.4033333333333334
23970,0.218
23971,0.536
23976,0.6554655844155846
23980,0.36
23987,1.0
23988,0.134
23993,0.45133333333333336
23997,0.388
23998,0.208
23999,0.7874047619047616
24010,0.8254115828615833
24015,0.49717222222222196
24023,0.318
24033,0.482
24046,0.9993809523809523
24060,0.412
24062,0.44
24065,0.49717222222222196
24070,0.17535714285714282
24071,0.15
24073,0.537
24079,0.594
24082,1.0
24084,0.478
24089,0.4193333333333334
24094,0.74
24100,0.236
24105,0.496
24106,0.184
24108,0.8254115828615833
24111,1.0
24120,0.36541904761904753
24125,0.87
24134,0.6339956334515162
24140,0.532
24151,0.388
24153,0.404
24154,0.6678226162726163
24161,0.382
24166,0.404
24170,0.3208236652236653
24176,0.18333333333333332
24182,0.824684068709069
24188,0.392
24190,0.39
24201,0.9946785714285714
24211,0.83
24215,0.6339956334515162
24216,0.9719880952380955
24219,0.364
24222,0.7391931290931296
24240,1.0
24243,0.42
24245,0.306
24251,0.48
24256,1.0
24258,0.16
24261,0.55
24263,0.576
24264,0.398
24266,0.202
24273,0.552
24278,0.692
24289,1.0
24292,0.23
24293,0.272
24298,1.0
24299,0.392
24303,0.7499959484959493
24304,0.4
24305,0.588
24329,0.578
24341,0.28
24345,0.796930286380287
24353,0.418
24358,1.0
24364,0.5094863636363637
24367,0.334
24370,0.5875720779220779
24377,0.6101666666666667
24380,0.248
24381,0.348
24387,0.5151
24391,0.298
24409,1.0
24413,0.264
24416,0.556
24427,0.8818666666666667
24439,0.322
24443,0.284
24448,0.284
24454,0.9738928571428572
24455,0.302
24461,0.258
24464,0.3
24468,0.572
24469,0.292
24501,0.596
24508,0.382
24519,0.138
24520,1.0
24538,1.0
24540,0.9953859584859586
24550,0.51
24552,0.544
24561,0.44
24577,0.2535
24579,0.354
24580,0.484
24582,0.664
24591,0.856
24592,0.278
24599,0.918
24602,0.172
24606,0.242
24617,0.168
24619,0.958
24630,0.154
24633,0.7980493839493841
24634,0.488
24638,0.388
24641,0.262
24644,0.752
24645,0.39345039682539684
24656,0.322
24661,0.528
24663,0.7999239112796395
24667,0.3293333333333333
24669,0.6380854305653062
24682,0.35
24698,0.032
24699,0.7099232850482858
24702,0.576
24703,0.504884126984127
24717,0.262
24724,1.0
24731,0.794
24737,0.166
24740,0.474
24743,0.082
24744,1.0
24755,0.340068253968254
24757,0.26
24765,0.6768880952380955
24766,0.3266666666666666
24776,0.35422448662448675
24787,0.994
24789,0.232
24791,0.194
24792,0.428
24804,0.014
24812,0.236
24816,0.446
24817,0.248
24820,0.518
24828,0.5078666666666667
24832,0.358
24836,0.498
24842,0.8613994505494506
24846,0.438
24847,0.114
24848,1.0
24851,0.8959113004642416
24855,0.35422448662448675
24856,0.826
24871,0.340068253968254
24874,0.386
24877,0.186
24889,0.436
24897,0.468
24899,0.8959113004642416
24908,0.5673333333333332
24913,0.7976993062493064
24923,0.632
24933,0.358
24971,0.348
24973,1.0
24993,0.15155657675657672
24998,0.1626119047619048
25000,0.9996
25001,0.9996
25002,0.634
25003,1.0
25009,0.392
25024,0.3233333333333333
25026,0.476
25027,1.0
25034,0.45
25050,0.46
25057,0.438
25067,0.794
25075,0.352
25081,0.228
25085,0.232
25093,0.45
25097,0.2782
25103,0.41
25104,0.673609523809524
25109,0.4165
25112,0.474
25113,0.332
25114,0.28
25119,0.262
25121,0.702
25122,0.864
25124,0.5952527139527143
25131,0.204
25134,0.796
25144,0.08
25147,0.7538309915574615
25148,0.5279333333333335
25149,0.534
25155,0.49230079365079366
25169,0.934
25177,0.7579212516241925
25178,0.228
25179,0.274
25180,0.7579212516241925
25191,0.4743017593517592
25199,0.5
25232,0.5763333333333333
25241,0.405
25242,0.798
25243,0.434
25246,0.388
25259,0.7579212516241925
25265,0.7492349206349206
25278,0.6593887057387057
25280,0.328
25284,0.45
25286,0.49221139971139966
25288,0.2925
25318,1.0
25330,0.6593887057387057
25333,0.488
25339,0.364
25340,0.7831700688200691
25346,0.374
25349,0.7630833333333332
25351,0.314
25361,0.7831700688200691
25366,0.564
25368,1.0
25369,0.514
25370,0.13853333333333331
25375,0.008
25376,0.6035431512931513
25377,0.246
25379,0.312
25382,0.8127523809523811
25386,0.6686261904761907
25389,0.6686261904761907
25399,0.596
25400,0.982
25401,0.594
25407,0.05
25409,0.376
25412,0.4281857142857143
25416,0.082
25418,0.516
25423,0.37
25436,0.45
25439,0.278
25442,0.278
25445,0.998
25446,0.5329047619047619
25453,0.202
25456,0.8127523809523811
25458,0.028
25460,0.286
25461,0.242
25468,0.776
25470,0.52
25471,0.684
25482,0.61
25501,0.21045079365079367
25504,0.7831700688200691
25515,0.406
25518,0.706
25528,0.53
25533,0.148
25543,0.212
25548,0.4703238095238096
25564,0.214
25572,0.6933530081030085
25576,0.25
25577,0.43
25587,0.582
25591,0.5
25596,0.284
25598,0.376
25617,0.508
25618,0.9851902597402599
25620,0.426
25623,0.182
25626,0.55
25628,0.536
25633,0.9731000000000001
25637,0.362
25644,0.326
25662,0.49
25663,0.3736961038961039
25673,0.838
25678,0.3653333333333333
25685,0.162
25691,0.304
25706,0.374
25707,0.372
25723,0.546
25725,0.299
25735,0.3371285714285713
25740,0.226
25759,0.375
25761,0.736
25769,0.484
25774,0.118
25779,0.9983333333333333
25781,0.442
25784,1.0
25790,0.766
25796,0.424
25816,0.12
25847,0.33
25850,0.23
25852,0.776
25856,0.4
25866,0.448
25867,0.41505149295149285
25868,0.32
25869,0.7913955988455993
25877,0.6752212278329046
25878,0.458
25890,0.07976666666666667
25898,0.939
25899,0.43511111111111106
25906,0.9702793650793651
25907,0.712849770060259
25915,0.938
25932,0.712849770060259
25939,0.334
25946,0.41505149295149285
25951,0.6615484530175706
25959,0.8662238095238096
25961,0.602
25964,0.07866666666666668
25969,0.344
25980,0.188
25986,0.322
25992,0.188
25998,0.314
26000,0.07866666666666668
26006,0.34
26009,0.26
26016,0.7144006493506493
26023,0.898
26038,0.5029001054501052
26041,0.282
26050,0.298
26051,1.0
26057,0.548
26060,0.266
26062,0.248
26067,1.0
26068,0.578
26072,0.464
26074,0.73
26075,0.592
26081,0.48560585525585537
26108,0.48560585525585537
26112,0.9894666666666668
26113,0.18
26115,0.7391904761904762
26122,0.5374222222222222
26139,0.14
26162,0.5029001054501052
26165,0.636
26173,0.16
26177,0.6773134920634925
26179,0.5630333333333334
26184,0.118
26190,0.22
26204,0.685
26205,0.004
26212,0.826
26215,0.28
26227,0.759
26232,0.697367460317461
26237,0.4519805527805526
26246,0.77
26248,0.7556614712085309
26249,0.6231666666666668
26260,0.12257878787878791
26263,0.316
26267,0.872
26269,0.6736
26271,0.9871976190476193
26273,0.8
26286,0.12257878787878791
26297,0.158
26309,0.46
26313,0.358
26319,0.266
26329,0.344
26330,0.9871976190476193
26333,0.398
26361,0.7246666666666667
26366,0.544
26376,0.982
26378,0.7884666666666663
26382,0.232
26389,0.352
26391,0.4843333333333334
26401,0.884
26415,0.276
26419,0.798
26421,1.0
26422,0.556
26423,0.9871976190476193
26424,0.316
26441,0.896
26442,0.352
26446,0.604
26447,0.298
26448,0.39
26451,0.542
26459,0.266
26465,0.161
26476,0.2
26481,0.352
26487,1.0
26501,0.48
26513,0.8795920634920634
26517,0.326
26527,0.4478333333333333
26534,0.8795920634920634
26535,1.0
26545,0.174
26550,0.41
26558,0.332
26571,0.8394005772005773
26573,0.19617516927516931
26575,0.5999
26578,0.19617516927516931
26583,0.8160380952380956
26590,0.33
26593,0.896
26602,0.274
26606,0.988
26613,0.664961904761905
26615,0.29833333333333334
26618,0.59
26628,1.0
26630,0.376
26635,0.26
26645,0.308
26648,0.168
26651,0.136
26660,0.292
26663,0.538
26664,0.8771666666666668
26665,0.512
26673,0.516
26675,0.488
26676,0.218
26677,0.296
26679,0.1
26687,0.12250634920634924
26689,0.44698686868686865
26697,0.5791333333333333
26737,0.9846500000000001
26747,0.996
26748,0.266
26749,0.328
26754,0.942
26759,0.39
26760,0.9846500000000001
26765,0.204
26769,0.286
26771,0.168
26776,0.472
26778,0.17316666666666666
26780,0.262
26783,0.144
26785,0.406
26800,0.384
26804,0.286
26812,0.236
26816,0.24
26823,0.9194809523809523
26834,0.38675075480075494
26836,0.432
26841,0.922
26845,0.29833333333333334
26849,0.18
26854,0.696
26858,0.226
26860,0.284
26866,0.15
26871,0.1685
26873,0.04446666666666666
26905,0.486
26907,0.55
26920,0.77
26924,0.16
26930,0.108
26942,0.468
26944,0.38
26949,0.116
26952,0.9904166666666666
26956,0.37
26973,0.112
26977,0.306
26993,0.352
26997,0.318
26999,0.394
27021,0.348
27023,0.208
27025,0.002
27027,0.604
27032,0.9712000000000001
27034,0.128
27036,0.43
27045,0.55
27050,0.182
27051,0.962
27055,0.364
27056,0.608
27060,0.442
27061,0.26675656565656586
27066,0.7888199522699528
27070,0.4013333333333334
27073,0.366
27077,0.856
27085,0.638
27086,0.328
27099,0.324447619047619
27105,0.324447619047619
27109,0.36673333333333336
27125,0.398
27135,0.48823333333333335
27139,0.506
27140,1.0
27141,0.382
27142,0.328
27144,0.094
27148,0.454
27154,0.614
27162,0.9854428571428573
27175,0.718
27176,0.537
27178,0.67
27197,0.742
27204,0.37
27205,0.642
27206,0.068
27207,0.116
27216,0.272
27230,0.216
27234,0.204
27241,0.382
27249,1.0
27251,0.11
27252,0.592
27256,0.6689333333333334
27257,0.66
27263,0.432
27268,0.382
27269,0.376
27276,0.342
27279,0.8503
27288,0.923952380952381
27295,0.058
27299,0.3468357142857145
27302,0.788
27304,0.13363333333333333
27316,0.43
27318,0.192
27330,0.382
27333,0.466
27335,0.434
27339,0.334
27341,0.41042380952380947
27342,0.312
27345,0.668
27347,0.666
27354,0.622
27361,0.2184
27375,0.5964976578976577
27387,0.9816666666666667
27390,0.9816666666666667
27392,0.898
27399,0.284
27403,0.34
27410,0.45580000000000004
27423,0.364
27429,0.182
27432,0.493
27436,0.462
27437,0.652
27441,0.528
27444,0.636
27445,0.226
27448,0.732
27454,0.526
27459,0.374
27465,0.496
27478,1.0
27479,0.416
27481,0.7694619047619048
27483,0.542
27486,0.16
27498,0.294
27505,0.514
27507,0.458
27509,0.172
27514,0.174
27527,0.9644339105339107
27535,0.22
27544,0.248
27545,0.41
27556,0.302
27563,0.38
27569,0.416
27585,0.47
27589,0.38
27605,0.25
27608,0.9644339105339107
27609,0.404
27611,0.594
27621,0.46
27626,0.9659707126207128
27629,0.496
27645,0.9644339105339107
27651,0.378
27654,0.69
27656,0.9872000000000001
27663,0.8892409812409815
27673,0.32
27677,0.382
27678,0.328
27680,0.258
27681,0.32054126984126985
27684,0.238
27688,0.206
27706,0.368
27709,0.428
27720,0.524
27722,0.3
27733,0.832
27734,0.798
27739,0.516
27746,0.35255613275613273
27751,0.7476
27755,0.462
27777,0.434
27783,0.3865
27795,0.348
27805,0.406
27811,0.356
27815,0.162
27823,0.27
27856,0.272
27873,0.48
27883,0.44
27885,0.9202529581529583
27887,0.911
27899,0.588
27921,0.398
27924,0.214
27927,0.434
27929,0.276
27932,0.14
27943,0.2520119163516225
27945,0.2520119163516225
27952,0.384
27957,0.9147000000000001
27960,0.28
27966,0.308
27968,0.9901696969696969
27980,0.35699285714285733
27984,0.288
27994,0.404
27995,0.5130381729381723
28002,0.9901696969696969
28004,0.8989071428571427
28006,0.12
28028,0.922
28042,0.9448
28043,0.39142329892329875
28055,0.582
28061,0.6935986010721304
28063,0.74
28077,0.288
28090,0.6053325396825401
28093,0.24
28095,0.232
28096,0.6166666666666667
28098,0.9912000000000001
28099,0.522
28111,0.36
28115,0.44
28123,0.344
28125,0.388
28126,0.9874642857142857
28129,0.8013426462426471
28131,0.362
28139,0.468
28146,0.432
28153,0.894
28155,0.216
28160,0.554
28166,0.328
28167,0.86
28176,0.666
28185,0.486
28187,0.9887055555555554
28195,0.9851142857142855
28203,0.19
28206,0.682
28209,0.218
28210,0.3
28211,0.702
28216,0.492
28234,0.302
28235,0.9851142857142855
28248,0.214
28255,0.358
28266,0.332
28277,0.202
28286,0.466
28288,0.432
28289,0.363
28290,0.186
28296,0.4785
28300,0.9413316794316794
28306,0.188
28307,0.672
28309,0.192
28327,0.426
28336,0.18
28345,0.44733333333333336
28355,0.374
28361,0.43
28362,0.186
28374,0.298
28380,0.808
28381,0.45337229437229437
28393,0.204
28394,0.508
28405,0.446
28413,0.1357
28426,0.9593333333333334
28428,0.886
28429,0.6860205627705628
28442,0.482
28445,0.39
28457,1.0
28459,0.652
28462,0.734
28478,0.154
28490,0.334
28492,0.418
28499,0.1826666666666667
28500,0.28
28506,0.4929413919413916
28509,0.324
28513,0.384
28516,0.322
28519,0.9996666666666666
28526,0.294
28527,0.156
28528,0.67
28533,0.252
28547,0.52
28551,0.472
28563,0.594
28566,0.722
28568,0.4
28580,0.538
28589,0.37
28590,0.4929413919413916
28606,0.77
28613,0.332
28615,0.318
28619,0.2451272727272728
28629,0.588
28633,0.426
28635,0.5069809523809526
28646,0.604
28648,0.668
28651,0.21
28660,0.5069809523809526
28681,0.2451272727272728
28693,0.844
28696,0.636
28703,0.772
28709,0.316
28712,0.5681772533022534
28718,0.386
28719,0.518
28727,0.102
28730,0.924
28732,0.7236444416694418
28740,0.652
28747,0.2451272727272728
28752,0.5069809523809526
28757,0.638
28764,0.476
28765,0.834
28770,0.6705
28772,0.896
28783,0.19266666666666668
28786,0.25225
28796,0.35
28799,0.7807428571428573
28806,0.792
28807,0.192
28815,0.42
28818,0.408
28823,0.558
28824,0.348
28831,1.0
28834,0.408
28841,0.172
28848,0.8958177489177489
28882,0.546
28884,0.262
28904,0.34
28907,0.36819999999999997
28919,0.336
28920,0.722
28928,0.254
28935,0.0
28936,0.392
28945,0.276
28950,0.958
28957,0.46463333333333323
28963,0.142
28974,0.1490126651126652
28980,0.488
28988,0.766
28999,0.402
29001,0.8
29004,0.134
29006,0.322
29012,0.45
29018,0.20178726273726286
29027,0.216
29030,0.098
29032,0.136
29039,0.142
29043,0.07870000000000002
29056,0.576
29064,0.9252193528693526
29068,0.362
29069,0.422
29074,0.098
29076,0.498
29085,0.57
29088,0.9252193528693526
29091,0.408
29092,0.61
29093,0.4736666666666667
29094,0.304
29108,0.5304904761904762
29114,0.292
29115,0.126
29118,0.168
29125,0.218
29127,0.8652174603174604
29150,0.21733333333333335
29152,0.19566666666666666
29155,0.794
29165,0.308
29167,0.5366101842601844
29174,0.3877823898323898
29180,0.622
29185,0.47
29190,0.312
29192,1.0
29194,0.268
29220,0.252
29231,0.448
29237,0.782
29240,0.726
29247,0.522
29256,0.248
29275,0.716
29278,0.516
29280,0.894
29286,0.376
29288,0.766
29305,0.73
29327,0.5366101842601844
29329,0.89
29333,0.424
29335,0.482
29342,1.0
29344,0.408
29353,0.2
29358,0.326
29373,0.16
29392,0.8468904761904761
29393,0.538
29395,0.982
29403,0.542
29405,0.73
29410,0.51
29423,0.166
29427,0.9368333333333333
29429,0.586
29432,0.202
29440,0.4889285714285715
29447,0.248
29448,0.204
29452,0.796
29455,0.24
29461,0.266
29466,0.588
29474,0.596
29476,0.326
29486,0.606
29494,0.53
29497,0.672
29505,0.484
29511,0.8384285714285715
29516,0.5202666666666667
29522,0.286
29523,0.25
29524,0.37393333333333334
29529,0.072
29533,0.264
29535,0.38
29548,0.234
29551,0.316
29563,0.07
29574,0.242
29575,0.326
29592,0.368
29599,0.558
29608,0.214
29613,0.604
29620,0.532
29630,0.78
29637,0.428
29638,0.356
29643,0.264
29648,0.296
29657,0.25
29659,0.21733333333333332
29662,0.39
29665,0.418
29699,0.8312761904761907
29706,0.306
29715,0.474
29716,0.382
29717,0.558
29721,0.498
29731,0.452
29735,0.206
29739,0.308
29742,0.328
29747,0.9976666666666666
29749,0.432
29754,0.988
29773,0.434
29777,0.622
29779,0.144
29783,0.514
29786,0.414
29805,0.704
29811,0.17
29812,0.464
29815,0.654
29819,0.224
29833,0.086
29847,0.604
29854,0.458
29856,0.054
29859,0.64
29864,0.474
29865,0.516
29867,0.134
29885,0.234
29894,0.422
29900,0.368
29910,0.6
29928,0.252
29942,0.274
29951,0.32
29953,0.20875
29962,0.36
29968,0.274
29974,0.854
29980,0.318
29987,0.26
29993,0.342
30001,0.872
30005,0.402
30015,0.276
30034,0.337
30041,0.57
30044,0.42
30058,0.232
30061,0.016104761904761906
30064,0.13043363858363857
30065,0.316
30069,0.162
30074,0.48
30076,0.164
30080,0.5257047619047619
30086,0.816
30087,0.5
30092,0.232
30093,0.5588508119331649
30096,0.61
30097,0.6339956334515162
30098,0.402
30102,0.7391931290931296
30106,0.65
30110,0.684
30111,0.976
30122,0.332
30128,0.488
30130,0.698
30131,0.186
30132,0.06989682539682539
30135,0.284
30137,0.8588479076479076
30157,0.591254199232141
30158,0.796
30162,0.126
30170,0.5048285714285714
30174,0.61
30195,0.5016992673992677
30196,0.366
30204,0.152
30207,0.5584562770562772
30209,0.5082515151515152
30212,0.346
30221,0.402
30225,0.5048285714285714
30229,0.324
30231,0.808
30233,0.454
30237,0.5746999999999999
30239,0.2190666666666667
30242,0.29673333333333335
30244,0.44
30249,0.692
30262,0.45
30286,0.338
30292,0.52
30303,0.218
30320,0.134
30322,0.302
30355,0.258
30356,0.202
30372,0.5832
30375,0.198
30379,0.468
30384,0.64
30386,0.38966666666666666
30394,0.2782
30395,0.224
30396,0.354
30397,0.244
30402,0.2132
30413,0.294
30416,0.228
30420,0.366
30422,0.774
30432,0.316
30434,0.53
30438,0.4105
30444,0.196
30446,0.43119999999999997
30455,0.36
30457,0.36519999999999997
30459,0.594
30463,0.7321619047619047
30468,0.492
30477,0.25
30478,0.292
30481,0.568
30482,0.372
30487,0.279
30491,0.586
30496,0.33695454545454556
30501,0.252
30506,0.248
30511,0.428
30513,0.256
30516,0.192
30520,0.436
30531,0.3453333333333333
30542,0.9040628427128429
30555,0.52
30557,0.362
30568,0.424
30570,1.0
30584,0.75
30594,0.5227411616161618
30614,0.536
30617,0.384
30618,0.692
30631,0.278
30632,0.384
30634,0.6
30636,0.282
30637,0.282
30639,0.29
30647,0.44
30649,0.236
30656,0.448
30660,0.504
30665,0.264
30669,0.35
30681,0.8139999999999998
30683,0.482
30687,0.77
30694,0.5706666666666668
